File,Source Path,Description,Top-level Symbols,Imports,API Routes
build.ts,presentation/build.ts,No module header comment.,"HERE, SRC_DIR, OUT, slides, roles, features, tech, slideHtml, b64, html, the","fs, path",
AdminPage.tsx,src/AdminPage.tsx,No module header comment.,"API_BASE, BAR_COLORS, ACCESS_OPTIONS, DEFAULT_ACCESS, ROLE_OPTIONS, roleLabel, r, roleDefaults, BarChart, max, authHeaders, _watchingAuth, watchSessionExpiry, orig, res, url, hasToken, data, IDLE_TIMEOUT_MS, sha256, chars, K, bytes, len, ml, m, H, i, W, dv, t, s0, s1, S1, ch, temp1, S0, maj, AdminPage, updateLastActive, checkIdle, last, events, interval, fetchStats, handleLogin, userPerms, userDepts, can, navItems, currentLabel, Dashboard, IssueCertificate, autoProcessFile, buffer, hex, formData, addCertificate, BulkUpload, handleCsvFile, f, handleCertFiles, files, matchFileForRow, roll, name, fname, unmatchedFiles, rowsWithoutFile, incompleteRows, allRowsComplete, processAll, certs, row, matchedFile, hash, uploadRes, uploadData, hashInput, meta, metaBlob, metaFile, bcRes, bcData, csv, blob, a, missing, ActivityLog, canAdmin, load, handleClear, q, filtered, infos, infoOf, info, d, when, EyeIcon, EyeOffIcon, PwInput, UsersSection, me, togglePerm, handleRoleSelect, id, names, handleCreate, handleSaveAccess, handleRoleChange, toAdmin, handleReset, handleDeleteUser, filteredUsers, opt, SettingsSection, currentUser, handlePassword, onPickLogo, file, reader, handleSave, SmsGatewayCard, save, sendTest, CertificatesList, handleDelete, courses, VerifySection, search, DownloadsSection, ResultsSection, fetchDepartments, isAdminUser, myDepts, deptRestricted, visibleDepartments, fetchResults, params, rows, handleBulkFile, saveBulk, setSubject, next, addSubjectRow, removeSubjectRow, resetForm, addDepartment, saveResult, subjects, body, deleteResult, deleteDepartment, resultCount, msg, editResult, semesters, totalObtained, totalMax, pct, IssuesSection, handleStatus, statusColor, counts, semCounts, key, dayCounts, dt, AnalyticsSection, MonitorSection, iv, onlineCount, offlineCount, downtime, addApp, toggleApp, deleteApp, updateCompliance, comp, cur, updateOwner, compBadge, map, compLabel, sevBadge, origin, helpBlock, curlExample, on, uptime, ropa, dpia, dpdp, DPIA_RISK_SELECT, DPIA_CATEGORY_SELECT, DPIA_LIKELIHOOD_SELECT, DPIA_IMPACT_SELECT, DPIA_DEFAULT_STAGES, DPIA_DEFAULT_TRANSITIONS, riskBadgeColor, DPIASection, stageMeta, s, canTransition, progIndex, emptyForm, toggleCategory, has, submit, cleanRisks, payload, doTransition, comment, saveWorkflowCfg, del, edit, newForm, downloadReport, text, viewReport, byUnit, stages, nid, nlabel, ts, risks, subRisk, progs, audit","react, ./App",/api/
App.test.tsx,src/App.test.tsx,No module header comment.,"mockFetch, toggle, initial","@testing-library/react, ./App, ./config",
App.tsx,src/App.tsx,No module header comment.,"ThemeContext, BrandContext, useTheme, ctx, useBrand, getPageFromHash, raw, getHashParam, Logo, svg, App, toggleTheme, next, brandValue, themeValue, base, suffix, cur, onHashChange, goHome","react, ./AdminPage, ./VerifyPage, ./VerifyResult, ./config, ./types/brand, ./types/theme, ./App.css",
config.ts,src/config.ts,No module header comment.,"UNIVERSITY, DEFAULT_LOGO_SVG, LOGO_SVG",./types/brand,
db.ts,src/db.ts,No module header comment.,"DB_HOST, DB_PORT, DB_USER, DB_PASS, DB_NAME, DATA_DIR, pool, SCHEMA, ensureDatabase, adminPool, toDate, d, migrateFromJson, read, p, certs, log, e, brand, users, results, r, deps, name, init","pg, fs, path",
index.tsx,src/index.tsx,No module header comment.,"container, root","react, react-dom/client, ./index.css, ./App, ./reportWebVitals",
jest.backend.config.js,src/jest.backend.config.js,No module header comment.,,,
reportWebVitals.ts,src/reportWebVitals.ts,No module header comment.,reportWebVitals,web-vitals,
searchPage.tsx,src/searchPage.tsx,No module header comment.,"API_BASE, SearchPage, searchCertificate, res, data",react,
server.ts,src/server.ts,No module header comment.,"app, PORT, HOST, upload, MONITOR_AGENT_TOKEN, MONITOR_APP_KEY, MONITOR_POLL_INTERVAL, MONITOR_CHECK_TIMEOUT, insertMonitorEvent, appId, allowedSev, sev, reportEvent, MONITOR_SEVERITY, PINATA_JWT, SEPOLIA_RPC, CONTRACT_ADDRESS, ADMIN_KEY, provider, wallet, contractABI, contract, ADMIN_USER, ADMIN_PASS, DEFAULT_BRAND, CERT_COLS, hashPass, salt, hash, verifyPass, candidate, expected, legacy, parseJson, normalizeSemester, s, m, n, ACTIVITY_SEVERITY, summarizeAction, d, logActivity, actor, SESSION_TTL_MS, createSession, token, expires, getUsernameFromReq, isAdminRequest, uname, requireAdmin, parsePerms, arr, parseDepts, ROLE_KEYS, normalizeRole, hasPerm, requirePerm, getDeptScope, depts, deptAllowed, OTP_TTL_MS, otpStore, resultAccessTokens, RESULT_TOKEN_TTL_MS, digitsOnly, maskMobile, sendSms, cfg, ok, res, data, params, base, username, auth, phone, getSmsConfig, map, allowed, entries, mobile, otp, sent, roll, aad, now, prev, storedAad, rec, ensureDefaultAdmin, listCertificates, blob, formData, response, q, like, existing, certs, wb, ws, buf, header, rows, semCounts, bySemester, semMap, bySemesterFull, label, byDayAsc, issues, ext, text, lines, headers, i, vals, row, rollKey, key, saved, hashes, c, trimmed, target, delRes, removedResults, norm, h, nameKey, deptKey, semKey, subjectKey, marksKey, maxKey, gradeKey, aadhaarKey, mobileKey, validRows, raw, r, scope, bad, deps, groups, sem, added, updated, g, subjects, rollNumber, semester, isAdmin, rTok, sql, department, where, entry, removed, status, brand, LOGIN_WINDOW_MS, LOGIN_MAX_ATTEMPTS, loginAttempts, u, userRole, perms, newRole, targetRole, activeAdmins, tx, receipt, provided, apps, online, events, critical, ropaDone, dpiaDone, dpdpDone, recent, rStatus, dStatus, pStatus, dnow, pnow, ropaUpdatedAt, dpiaUpdatedAt, dpdpUpdatedAt, limit, pruneChecks, checkMonitoredApp, started, status_code, controller, timer, latency, pollMonitoredApps, seedMonitorApps, selfUrl, DPIA_STATUSES, DPIA_RISK_LEVELS, DPIA_CATEGORIES, DPIA_LIKELIHOOD, DPIA_IMPACT, dpiaRiskLevel, li, im, score, parseJsonArr, DPIA_ASSESSMENT_COLS, DPIA_DEFAULT_STAGES, DPIA_DEFAULT_TRANSITIONS, getDpiaWorkflow, stages, transitions, defaults, dpiaStageMeta, dpiaStageToStatus, dpiaAudit, cleanStages, stageIds, cleanTransitions, statusMap, open, completed, openRisks, highRisks, overdueNow, catCounts, dataCategories, workflow, byStage, stageOrder, stageLines, rowStage, rowStatus, rowRisk, cats, id, level, count, from, txn, nextStatus, action, title, buildPath, start, server","express, multer, cors, fs, path, crypto, xlsx, ethers, ./db, dotenv","/api/settings/sms, /api/settings/sms/test, /api/results/otp/request, /api/results/otp/verify, /api/certificates, /api/search, /api/verify/:hash, /api/certificates/:hash, /api/activity, /api/certificates/download, /api/dashboard/stats, /api/dashboard/analytics, /api/certificates/bulk-upload, /api/certificates/bulk-save, /api/departments, /api/departments/:name, /api/results/bulk-upload, /api/results/bulk-save, /api/results/verify, /api/results, /api/results/:id, /api/issues, /api/issues/:id, /api/brand, /api/admin/login, /api/users, /api/users/:username, /api/certificates/blockchain, /api/agent/event, /api/monitor/stats, /api/monitor/apps, /api/monitor/apps/:id, /api/monitor/apps/:id/checks, /api/dpia/workflow, /api/dpia/dashboard, /api/dpia, /api/dpia/report, /api/dpia/:id, /api/dpia/:id/risk, /api/dpia/risk/:riskId, /api/dpia/:id/transition, /api/"
setupTests.ts,src/setupTests.ts,jest-dom adds custom jest matchers for asserting on DOM nodes. allows you to do things like: expect(element).toHaveTextContent(/react/i) learn more: https://github.com/testing-library/jest-dom,,@testing-library/jest-dom,
sms-gateway.ts,src/sms-gateway.ts,No module header comment.,"PORT, TOKEN, LOG_PREFIX, log, sendSms, num, safe, cmd, readBody, data, json, server, auth, provided, target, sent","http, child_process","/api/send, /api/send-batch"
brand.ts,src/types/brand.ts,No module header comment.,,,
certificates.ts,src/types/certificates.ts,No module header comment.,,,
results.ts,src/types/results.ts,No module header comment.,,,
theme.ts,src/types/theme.ts,No module header comment.,,,
VerifyPage.test.tsx,src/VerifyPage.test.tsx,No module header comment.,"HASH, IPFS, toggleTheme, mockFetch, renderPage, alertSpy","@testing-library/react, ./VerifyPage, ./App, ./config",
VerifyPage.tsx,src/VerifyPage.tsx,No module header comment.,"API_BASE, VerifyPage, verify, h, res, data","react, qrcode.react, ./App, ./types/certificates",
VerifyResult.test.tsx,src/VerifyResult.test.tsx,No module header comment.,"toggleTheme, mockFetch, renderPage, subjects, s, alertSpy","@testing-library/react, ./VerifyResult, ./App, ./config",
VerifyResult.tsx,src/VerifyResult.tsx,No module header comment.,"API_BASE, computeStats, total, s, pct, allPassed, m, VerifyResult, requestOtp, r, a, res, data, handleSearch, params, loadResults, verifyOtp, o, submitIssue, msg, rollNumber, stats","react, ./App",
server.test.ts,tests/server.test.ts,No module header comment.,"h, legacy, obj","../src/server, crypto",