Roll Number,Name,Department,Semester,Subject,Marks,Max Marks,Grade
2024101,Aarav Sharma,Computer Science,Sem 1,Physics,89,100,A
2024101,Aarav Sharma,Computer Science,Sem 1,Programming,82,100,A
2024101,Aarav Sharma,Computer Science,Sem 1,English,75,100,B
2024101,Aarav Sharma,Computer Science,Sem 2,Programming,88,100,A
2024101,Aarav Sharma,Computer Science,Sem 2,English,81,100,A
2024101,Aarav Sharma,Computer Science,Sem 2,Chemistry,74,100,B
2024101,Aarav Sharma,Computer Science,Sem 3,English,87,100,A
2024101,Aarav Sharma,Computer Science,Sem 3,Chemistry,80,100,A
2024101,Aarav Sharma,Computer Science,Sem 3,Mathematics,73,100,B
2024101,Aarav Sharma,Computer Science,Sem 4,Chemistry,86,100,A
2024101,Aarav Sharma,Computer Science,Sem 4,Mathematics,79,100,B
2024101,Aarav Sharma,Computer Science,Sem 4,Physics,72,100,B
2024101,Aarav Sharma,Computer Science,Sem 5,Mathematics,85,100,A
2024101,Aarav Sharma,Computer Science,Sem 5,Physics,78,100,B
2024101,Aarav Sharma,Computer Science,Sem 5,Programming,71,100,B
2024101,Aarav Sharma,Computer Science,Sem 6,Physics,84,100,A
2024101,Aarav Sharma,Computer Science,Sem 6,Programming,77,100,B
2024101,Aarav Sharma,Computer Science,Sem 6,English,70,100,B
2024101,Aarav Sharma,Computer Science,Sem 7,Programming,83,100,A
2024101,Aarav Sharma,Computer Science,Sem 7,English,76,100,B
2024101,Aarav Sharma,Computer Science,Sem 7,Chemistry,69,100,B
2024101,Aarav Sharma,Computer Science,Sem 8,English,82,100,A
2024101,Aarav Sharma,Computer Science,Sem 8,Chemistry,75,100,B
2024101,Aarav Sharma,Computer Science,Sem 8,Mathematics,68,100,B
2024101,Aarav Sharma,Computer Science,Sem 9,Chemistry,81,100,A
2024101,Aarav Sharma,Computer Science,Sem 9,Mathematics,74,100,B
2024101,Aarav Sharma,Computer Science,Sem 9,Physics,67,100,B
2024101,Aarav Sharma,Computer Science,Sem 10,Mathematics,80,100,A
2024101,Aarav Sharma,Computer Science,Sem 10,Physics,73,100,B
2024101,Aarav Sharma,Computer Science,Sem 10,Programming,66,100,B
2024202,Priya Patel,Information Technology,Sem 1,Physics,89,100,A
2024202,Priya Patel,Information Technology,Sem 1,Programming,82,100,A
2024202,Priya Patel,Information Technology,Sem 1,English,75,100,B
2024202,Priya Patel,Information Technology,Sem 2,Programming,88,100,A
2024202,Priya Patel,Information Technology,Sem 2,English,81,100,A
2024202,Priya Patel,Information Technology,Sem 2,Chemistry,74,100,B
2024202,Priya Patel,Information Technology,Sem 3,English,87,100,A
2024202,Priya Patel,Information Technology,Sem 3,Chemistry,80,100,A
2024202,Priya Patel,Information Technology,Sem 3,Mathematics,73,100,B
2024202,Priya Patel,Information Technology,Sem 4,Chemistry,86,100,A
2024202,Priya Patel,Information Technology,Sem 4,Mathematics,79,100,B
2024202,Priya Patel,Information Technology,Sem 4,Physics,72,100,B
2024202,Priya Patel,Information Technology,Sem 5,Mathematics,85,100,A
2024202,Priya Patel,Information Technology,Sem 5,Physics,78,100,B
2024202,Priya Patel,Information Technology,Sem 5,Programming,71,100,B
2024202,Priya Patel,Information Technology,Sem 6,Physics,84,100,A
2024202,Priya Patel,Information Technology,Sem 6,Programming,77,100,B
2024202,Priya Patel,Information Technology,Sem 6,English,70,100,B
2024202,Priya Patel,Information Technology,Sem 7,Programming,83,100,A
2024202,Priya Patel,Information Technology,Sem 7,English,76,100,B
2024202,Priya Patel,Information Technology,Sem 7,Chemistry,69,100,B
2024202,Priya Patel,Information Technology,Sem 8,English,82,100,A
2024202,Priya Patel,Information Technology,Sem 8,Chemistry,75,100,B
2024202,Priya Patel,Information Technology,Sem 8,Mathematics,68,100,B
2024202,Priya Patel,Information Technology,Sem 9,Chemistry,81,100,A
2024202,Priya Patel,Information Technology,Sem 9,Mathematics,74,100,B
2024202,Priya Patel,Information Technology,Sem 9,Physics,67,100,B
2024202,Priya Patel,Information Technology,Sem 10,Mathematics,80,100,A
2024202,Priya Patel,Information Technology,Sem 10,Physics,73,100,B
2024202,Priya Patel,Information Technology,Sem 10,Programming,66,100,B
